{
    "RMSE": 1.1897093057632446,
    "MAE": 0.8798479437828064,
    "PearsonCorr": 0.9077913761138916,
    "R2_Score": 0.8239997573863113,
    "Best_Val_PCC": 0.9077913761138916,
    "Best_Val_Loss": 1.4148,
    "Epochs_Ran": 40
}