{
    "training_RMSE": 1.258304238319397,
    "training_PCC": 0.895209014415741
}